CHROM	POS	ID	REF	ALT	Sample	Ref	Type	Gene	Locus	Product	In_CDS	CDS_nt_pos	Consequence	AA_pos	Ref_AA	Alt_AA	AA_change
68U201_v	5738	.	G	C	VEEV_4X_1_S2.68U201	std	NA	NA	NA	NA	FALSE	NA	NA	NA	NA	NA	NA
68U201_v	5808	.	A	G	VEEV_4X_1_S2.68U201	std	NA	HEPOJBDL_00002	HEPOJBDL_00002	Polyprotein	TRUE	20	nonsynonymous	7	E	G	E7G
68U201_v	5809	.	G	A	VEEV_4X_1_S2.68U201	std	NA	HEPOJBDL_00002	HEPOJBDL_00002	Polyprotein	TRUE	21	synonymous	7	E	E	E7E
68U201_v	7161	.	G	A	VEEV_4X_1_S2.68U201	std	NA	HEPOJBDL_00002	HEPOJBDL_00002	Polyprotein	TRUE	1373	nonsynonymous	458	C	Y	C458Y
68U201_v	5984	.	T	A	VEEV_4X_2_S5.68U201	std	NA	HEPOJBDL_00002	HEPOJBDL_00002	Polyprotein	TRUE	196	nonsynonymous	66	S	T	S66T
68U201_v	7161	.	G	A	VEEV_4X_2_S5.68U201	std	NA	HEPOJBDL_00002	HEPOJBDL_00002	Polyprotein	TRUE	1373	nonsynonymous	458	C	Y	C458Y
68U201_v	5738	.	G	C	VEEV_4X_3_S8.68U201	std	NA	NA	NA	NA	FALSE	NA	NA	NA	NA	NA	NA
68U201_v	5808	.	A	G	VEEV_4X_3_S8.68U201	std	NA	HEPOJBDL_00002	HEPOJBDL_00002	Polyprotein	TRUE	20	nonsynonymous	7	E	G	E7G
68U201_v	5809	.	G	A	VEEV_4X_3_S8.68U201	std	NA	HEPOJBDL_00002	HEPOJBDL_00002	Polyprotein	TRUE	21	synonymous	7	E	E	E7E
68U201_v	5984	.	T	A	VEEV_4X_3_S8.68U201	std	NA	HEPOJBDL_00002	HEPOJBDL_00002	Polyprotein	TRUE	196	nonsynonymous	66	S	T	S66T
68U201_v	7161	.	G	A	VEEV_4X_3_S8.68U201	std	NA	HEPOJBDL_00002	HEPOJBDL_00002	Polyprotein	TRUE	1373	nonsynonymous	458	C	Y	C458Y
68U201_7141_v	5738	.	C	G	VEEV_WT_1_S1.68U201_7141	7141	NA	NA	NA	NA	FALSE	NA	NA	NA	NA	NA	NA
68U201_7141_v	5808	.	G	A	VEEV_WT_1_S1.68U201_7141	7141	NA	NA	NA	NA	FALSE	NA	NA	NA	NA	NA	NA
68U201_7141_v	5809	.	A	G	VEEV_WT_1_S1.68U201_7141	7141	NA	NA	NA	NA	FALSE	NA	NA	NA	NA	NA	NA
68U201_7141_v	5984	.	A	T	VEEV_WT_1_S1.68U201_7141	7141	NA	FKBDIDKO_00002	FKBDIDKO_00002	Polyprotein	TRUE	55	nonsynonymous	19	T	S	T19S
68U201_7141_v	7161	.	A	G	VEEV_WT_1_S1.68U201_7141	7141	NA	FKBDIDKO_00002	FKBDIDKO_00002	Polyprotein	TRUE	1232	nonsynonymous	411	Y	C	Y411C
68U201_7141_v	5354	.	A	G	VEEV_WT_2_S4.68U201_7141	7141	NA	FKBDIDKO_00001	FKBDIDKO_00001	Polyprotein	TRUE	5311	nonsynonymous	1771	K	E	K1771E
68U201_7141_v	5984	.	A	T	VEEV_WT_2_S4.68U201_7141	7141	NA	FKBDIDKO_00002	FKBDIDKO_00002	Polyprotein	TRUE	55	nonsynonymous	19	T	S	T19S
68U201_7141_v	7161	.	A	G	VEEV_WT_2_S4.68U201_7141	7141	NA	FKBDIDKO_00002	FKBDIDKO_00002	Polyprotein	TRUE	1232	nonsynonymous	411	Y	C	Y411C
68U201_7141_v	5738	.	C	G	VEEV_WT_3_S7.68U201_7141	7141	NA	NA	NA	NA	FALSE	NA	NA	NA	NA	NA	NA
68U201_7141_v	5808	.	G	A	VEEV_WT_3_S7.68U201_7141	7141	NA	NA	NA	NA	FALSE	NA	NA	NA	NA	NA	NA
68U201_7141_v	5809	.	A	G	VEEV_WT_3_S7.68U201_7141	7141	NA	NA	NA	NA	FALSE	NA	NA	NA	NA	NA	NA
68U201_7141_v	5984	.	A	T	VEEV_WT_3_S7.68U201_7141	7141	NA	FKBDIDKO_00002	FKBDIDKO_00002	Polyprotein	TRUE	55	nonsynonymous	19	T	S	T19S
68U201_7141_v	7161	.	A	G	VEEV_WT_3_S7.68U201_7141	7141	NA	FKBDIDKO_00002	FKBDIDKO_00002	Polyprotein	TRUE	1232	nonsynonymous	411	Y	C	Y411C
